Provider Location,Street,City,County,State,ZIP Code,Pfizer Doses Week 8,Delivery,Moderna Doses Week 8,Delivery_2
"Alpha Dermatology of PA, LLC    ","670 Lawn Avenue, ste 1A",Sellersville,Bucks,PA,18960,,,100,2021-02-01
"BK Health Center, Inc",498 S. Main St. Suite-D,Montrose,Susquehanna,PA,18801,,,400,
"Beaver Health Mart Pharmacy, HMD, Inc.",533 Third Street,Beaver,Beaver,PA,15009,,,200,
"Centerville Clinics, Inc-Uniontown",86 McClellandtown Road,Uniontown,Fayette,PA,15401,,,100,
"Centerville Clinics, Inc.- Fredericktown",1070 Old National Pike Road,Frederickstown,Washington,PA,15333,,,100,
"Centerville Clinics, Inc.- Washington",37 Highland Avenue,Washington,Washington,PA,15301,,,100,
"Clifford Vogan, MD PC",882 East Brady Road,Cowansville,Armstrong,PA,16218,,,100,
"DLP Conemaugh Physician Practice, LLC",7160 Mason Dixon Highway,Meyersdale,Somerset,PA,15552,,,100,
"Delta Medix, P.C.",300 Lackawanna Ave.,Scranton,Lackawanna,PA,18503,,,100,
"Dialysis Clinic, Inc. - Seven Fields",201 Highpointe Dr.,Seven Fields,Butler,PA,16046,,,100,
"Family Pharmacy of Olyphant, Inc",110 Delaware Ave.,Olyphant,Lackawanna,PA,18447,,,200,2021-02-01
"Glendale Area Medical Assoc, Inc",850 Main Street,Coalport,Clearfield,PA,16627,,,100,
"Glendale Area Medical Assoc, Inc",850 Main Street,Coalport,Clearfield,PA,16627,,,100,2021-02-01
"La Comunidad Hispana, Inc",731 W Cypress St,Kennett Square,Chester,PA,17522,,,100,
"La Comunidad Hispana, Inc",731 W Cypress St,Kennett Square,Chester,PA,17522,,,100,2021-02-01
"Palmer Pharmacy, LLC",738 Little Deer Creek Valley,Russelltown,Allegheny,PA,15076,,,100,
"Professional Pharmacy of Pennsburg, Inc",931 Main St.,Pennsburg,Montgomery,PA,18073,,,100,
"Superior Pharmacy, Inc.",518 Burke Bypass,Olyphant,Lackawanna,PA,18447,,,1400,2021-02-01
"Total Access Medical, LLC ",1450 East Boot Road Suite 300A,West Chester,Chester,PA,19380,,,100,
"Williams Valley Pharmacy, Inc",226 E Grand Ave,Tower City,Schuylkill,PA,17980,,,100,
"Wind Gap Community Pharmacy, Inc.",31 West 1st St.,Wind Gap,Monroe,PA,18091,,,1000,
15toknow,220 N Gulph Rd,King of Prussia,Montgomery,PA,19406,,,400,2021-02-01
AFC URGENT CARE LEVITTOWN,173 Levittown Pkwy Suite 24A,Levittown,Bucks,PA,19055,,,100,
AFC Urgent Care Warrington,781 Easton Road,Warrington,Bucks,PA,18976,,,100,
AFC Urgent Care Warrington,781 Easton Road,Warrington,Bucks,PA,18976,,,200,2021-02-01
AHN Grove City Medical Center,631 N Broad St Ext,Grove City,Mercer,PA,16127,,,100,2021-02-01
AHN Grove City Medical Center,631 N Broad St Ext,Grove City,Mercer,PA,16127,1950,2021-02-04,,
AHN Grove City Medical Center,631 N Broad St ext,Grove City,Mercer,PA,16127,975,2021-02-04,,
AHN Saint Vincent,232 W. 25th Street,Erie,Erie,PA,16544,975,2021-02-04,,
AHN-Allegheny Valley Hospital,1301 Carlisle Avenue,Natrona Heights,Allegheny,PA,15065,975,2021-02-04,,
Abington Jefferson Health,1200 Old York Rd,Abington,Montgomery,PA,19001,,,1000,2021-02-01
Abington Memorial Hospital,1200 Old York Rd,Abington,Montgomery,PA,19001,975,2021-02-04,,
Adams Cumberland Pharmacy,3463 Biglerville Rd,Biglerville,Adams,PA,17307,,,100,2021-02-01
Albert's Pharmacy,201 S Main St #2,Pittston,Luzerne,PA,18640,,,200,2021-02-01
Alere Family Health,334 Hartman Bridge Rd,Ronks,Lancaster,PA,17572,,,400,2021-02-01
Allegheny County Health Department,425 1St Ave   4th Floor,Pittsburgh,Allegheny ,PA,15219,,,1000,
Allegheny General Hospital,320 East North Ave,Pittsburgh,Allegheny,PA,15212,975,2021-02-04,,
Allegheny General Hospital,320 East North Avenue,Pittsburgh,Allegheny,PA,15212,975,2021-02-01,,
Allentown Health Bureau,245 N. 6th St.,Allentown,Lehigh,PA,18102,,,1000,2021-02-01
Allied Services Rehab. Hospital,475 Morgan Highway,Scranton,Lackawanna,PA,18508,,,800,2021-02-01
Alotad Inc the Hometown Pharmacy,49 Pine Grove Plaza,Grove City,Mercer,PA,16148,,,100,
Alotad Inc the Hometown Pharmacy,49 Pine Grove Plaza,Grove City,Mercer,PA,16148,,,300,2021-02-01
Aria Health Bucks dba Jefferson Bucks Hospital,380 Oxford Valley Rd,Langhorne,Bucks,PA,19047,1950,2021-02-04,,
Armstrong County Memorial Hospital,One Nolte Drive,Kittanning,Armstrong,PA,16201,,,500,2021-02-01
Armstrong Primary Care Center  ,116 Main Street,Leechburg,Armstrong,PA,15656,,,100,
Armstrong Primary Care Center - Elderton,116 N Main Street,Elderton,Armstrong ,PA,15736,,,100,
Armstrong Primary Care Center-S Bethlehem,102 South St,New Bethlehem,Clarion,PA,16242,,,100,
Asti's South Hills Pharmacy,250 Mt. Lebanon Blvd,Pittsburgh,Allegheny,PA,15234,,,100,2021-02-01
BTAMC Pediatric and Family Health Care Center,"6679 Towne Center Blvd, 6678",Huntingdon,Huntingdon,PA,16652,,,200,
Beaver Falls Health Mart Pharmacy,1314 7th Ave,Beaver Falls,Beaver,PA,15010,,,100,
Bellefonte Medical Clinic,527 Willowbank Street,Bellefonte,Centre,PA,16823,,,100,
Bensalem Pharmacy,212 Street Road,Bensalem,Bucks,PA,19020,,,100,
Berks Community Health Center Rockland ST,1110 Rockland St,Reading,Berks,PA,19604,,,400,2021-02-01
Berks County SHC,625 Cherry St,Reading,Berks,PA,19602,,,100,2021-02-01
Berwick Hospital Center,701 East 16th St.,Berwick,Columbia,PA,18603,,,100,2021-02-01
Bethlehem Health Bureau,10 East Church St.,Bethlehem,Northampton,PA,18018,,,4000,
Big Spring Pharmacy,91 S High St,Newville,Cumberland,PA,17241,,,200,
Blairsville Pharmacy,135 E Market St Suite 100,Blairsville,Indiana,PA,15717,,,100,
Blueberry Pharmacy,1018 W View Park DR,Pittsburgh,Allegheny,PA,15229,,,100,
Boothwyn Apothecary,2341 Chichester Ave,Bootwyn,Delaware,PA,19061,,,100,
Brandywine Hospital,201 Reeceville RD,Coatesville,Chester,PA,19320,975,2021-02-04,,
Broad Top Area Medical Center Primary Care,"790 Bryan St, Suite 2",Huntingdon,Huntingdon,PA,16652,,,100,
Broad Top Area Medical Center,4133 Medical Center Dr,Broad Top,Huntingdon,PA,16621,,,100,
Broad Top Area Medical Center- Mount Union,95 South Park Street,Mount Union,Huntingdon,PA,17066,,,100,
Broad Top Area Medical Center- Walk-in Clinic,6674 Towne Center Blvd,Huntingdon,Huntingdon,PA,16652,,,100,
Brockway Drug Co. Inc.,1365 Main St.,Brockway,Jefferson,PA,15824,,,100,
Brooks Medical Arts,180 Greenville Ave,Clarion,Clarion,PA,16214,,,100,
Brudages Waymart Pharmacy,238 Belmont St.,Waymart,Wayne,PA,13472,,,100,
Bucks County Health Department,1282 Almshouse Road,Doylestown,Bucks,PA,18901,,,3000,2021-02-01
Burick Center for Health and Wellness,"2005 Technology Parekway, Suite 350",Mechanicsburg,Cumberland,PA,17050,,,200,2021-02-01
Burns Pharmacy,83 North Pennsylvania ave ,Morrisville,Bucks,PA,19067,,,100,
Burns Pharmacy,83 North Pennsylvania ave ,Morrisville,Bucks,PA,19067,,,300,2021-02-01
Butler Memorial Hospital,1 Hospital Way,Butler,Butler,PA,16001,2925,2021-02-04,,
Butler Memorial Hospital,1 Hospital Way,Butler,Butler,PA,16001,975,2021-02-04,,
Buxmont Medical Associates PC,847 Easton Rd Suite 2500,Warrington,Bucks,PA,18976,,,100,
CMMC-CPG St. Benedict RHC,564 Theatre Road,Carrolltown,Cambria,PA,15722,,,100,
Canadohta Lake Health Center,35255 Brown Hill Road,Union City,Crawford,PA,16438,,,100,
Canonsburg General Hospital,100 Medical Blvd.,Canonsburg,Washington,PA,15317,975,2021-02-04,,
Care Options RX,219 N Baltimore Ave,Mt. Holly Springs,Cumberland,PA,17065,,,2400,
Centennial Pharmacy Services,1020 N Delaware Avenue Suite 200,Phiadelphia,Philadelphia,PA,19125,,,100,
Centennial Pharmacy Services,1020 N Delaware Avenue Suite 200,Phiadelphia,Philadelphia,PA,19125,975,2021-02-04,,
Central Bucks Family Practice,252 W Swamp Rd Suite 41,Doylestown,Bucks,PA,18901,,,100,2021-02-01
Central Outreach Wellness Center              ,127 Anderson Street Suite 101 ,Pittsburgh,Allegheny,PA,15212,975,2021-02-04,,
Central Pennsylvania Clinic,375 S Kishacoquillas St,Belleville,Mifflin,PA,17004,,,100,
Centre Volunteers in Medicine,"2520 Green Tech Dr, D",State College,Centre,PA,16803,,,100,2021-02-01
Centre Volunteers in Medicine,"2520 Green Tech Dr, D",State College,Centre,PA,16803,975,2021-02-04,,
Chambers Apothecary,278 Lincoln Way East,Chambersburg,Franklin,PA,17201,,,100,
Chambersburg Hospital (Wellspan Summit),112 North 7th Street,Chambersburg,Franklin,PA,17201,1950,2021-02-04,,
Chambersburg Hospital (Wellspan Summit),112 North 7th Street,Chambersburg,Franklin,PA,17201,975,2021-02-04,,
ChesPenn Health Services,125 E. 9th St,Chester,Delaware,PA,19013,,,100,
Chester County Health Dept,601 Westtown Rd,West Chester,Chester,PA,19380,,,3200,2021-02-01
Chester County Hospital,701 E. Marshall St,West Chester,Chester,PA,19380,,,1000,2021-02-01
Children's Hospital of Philadelphia,3401 Civic Center Blvd. Rm AW19,Philadelphia,Philadelphia,PA,19104,,,100,
Children's Hospital of Philadelphia,3401 Civic Center Blvd. Rm AW19,Philadelphia,Philadelphia,PA,19104,,,500,2021-02-01
Clarion Hospital,1 Hospital Drive,Clarion,Clarion,PA,16214,3900,2021-02-04,,
Clarion Pharmacy,30 Pinnacle Dr Suite 103,Clarion,Clarion,PA,16214,,,100,
Claysville Pharmacy LLC dba Curtis Pharmacy,305 Main St Box K,Claysville,Washington,PA,15323,,,100,
Claysville Pharmacy LLC dba Curtis Pharmacy,575 Henderson Ave,Washington,Washington,PA,15301,,,100,
Clinic for Special Children,535 Bunker Hill RD,Strasburg,Lancaster,PA,17579,,,200,2021-02-01
Colonial Pharmacy,708 Ekastown Road,Sarver,Butler,PA,16055,,,100,
Communities of Don Guanella and Divine Providence,686 Old Marple RD,Springfield,Delaware,PA,19604,,,1000,
Community Drugs,3163 State Rt 257,Seneca,Venango,PA,16346,,,100,
Community Health and Dental,351 W. Schuylkill Rd,Pottstown,Chester,PA ,19465,,,100,
Community Health and Dental,351 W. Schuylkill Rd,Pottstown,Chester,PA ,19465,,,100,2021-02-01
Community Pharmacy,1256 Pennsylvania Avenue,Tyrone,Blair,PA,16686,,,100,
Concentra Medical Center-Harrisburg,4200 Union Deposit Rd,Harrisburg,Dauphin,PA,17111,,,100,
Conemaugh Memorial Medical Center,1086 Franklin Street,Johnstown,Cambria,PA,15905,1950,2021-02-04,,
Conemaugh Memorial Medical Center,1086 Franklin Street,Johnstown,Cambria,PA,15905,975,2021-02-01,,
Conemaugh Miners Medical Center,290 Haida Avenue,Hastings,Cambria,PA,16646,,,200,2021-02-01
Cooks Pharmacy of Kingston,777 Wyoming Ave.,Kingston,Luzerne,PA,18704,,,100,2021-02-01
Cornerston Coordinated Health Care LLC,40 W Frack St,Frackville,Schuylkill ,PA,17931,,,100,
Cornerstone Care - Greensboro,7 Glassworks Road,Greensboro,Greene,PA,15338,,,100,
Corry Memorial Hospital SVC 300,965 Shamrock Ln,Corry,Erie,PA,16407,,,100,
County of Delaware ,125 Chester Ave,Yeadon,Delaware,PA,19050,,,1000,
Crozer Chester Medical Center,1 Medical Center Blvd,Upland,Delaware,PA,19014,975,2021-02-04,,
Crozer Chester Medical Center,1 Medical Center Blvd,Upland,Delaware,PA,19014,975,2021-02-04,,
Custom Prescriptions of Lancaster,902 N Duke St,Lancaster,Lancaster,PA,17602,,,100,
DANVILLE PHARMACY ,439 MILL STREET,Danville,Montour,PA,17821,,,200,2021-02-01
DCI Renal Services of Pittsburgh LLC North V,613 East Pittsburgh McKeesport Blv,North Versailles,Allegheny,PA,15137,,,100,
DCI- Parks Bend,1143 Industrial Park Road,Vandergrift,Westmoreland ,PA,5698,,,100,
DCI- Shenango Valley,737 Brookshire Drive,Hermitage,Mercer,PA,16148,,,100,
DCI-Punxsutawney,158 Elmwood Road,Punxsutawney,Jefferson,PA,15767,,,100,
DLP Conemaugh Meyersdale Medical Center,200 Hospital Drive,Meyersdale,Somerset,PA,15552,,,100,
DVCH Norristown Regional Health Canter,1401 Dekalb St,Norristown,Montgomery,PA,19401,,,100,2021-02-01
Danville State Hospital,50 Kirkbride Dr,Danville,Montour,PA,17821,,,100,2021-02-01
Dauphin County SHC,30 Kline Plaza,Harrisburg,Dauphin,PA,17104,,,100,
DeBalko's Standard Drug,322 Hancock St.,McAdoo,Schuylkill,PA,18237,,,100,
Delaware County Memorial Hospital,501 N. Lansdowne Ave,Drexel Hill,Delaware,PA ,19026,975,2021-02-01,,
Dermatology and Mohs Surgery Center,2003 Lower State Road Building 200,Doylestown,Bucks,PA,18901,,,100,2021-02-01
Dialysis Clinic Inc. Mount Pleasant,20 East Main Street,Mount Pleasant,Westmoreland,PA,15666,,,100,
Dingmans Medical,1592 Rt. 739 Suite-1,Dingmans Ferry,Pike,PA,18328,,,100,
Dingmans Medical,1592 Rt. 739 Suite-1,Dingmans Ferry,Pike,PA,18328,,,100,2021-02-01
Donora Union Pharmacy,601 McKean Ave,Donora,Washington,PA,15033,,,100,
Donora Union Pharmacy,601 McKean Ave,Donora,Washington,PA,15033,,,100,2021-02-01
Duncansville Pharmacy,1328 3rd Ave.,Duncansville,Blair,PA,16635,,,100,
Eagleville Hospital,100 Eagleville Road,Eagleville,Montgomery,PA,19403,,,100,2021-02-01
East Norrtion Pharmacy,215 W Germantown Pike,East Norriton,Montgomery,PA,19401,,,200,2021-02-01
Eastend Family Health Center,117 North Negley Ave,Pittsburgh,Allegheny,PA,15206,,,100,
Easton Hospital,250 S. 21st St.,Easton,Northampton,PA,18042,,,400,2021-02-01
Elemel Inc dba The Hometwon Pharmacy,2016 W State St,New Castle,Lawrence,PA,16101,,,100,
Elemel Inc dba The Hometwon Pharmacy,2016 W State St,New Castle,Lawrence,PA,16101,,,200,2021-02-01
Encompass Health Rehabilitation Hospital of Mechanicsburg,175 Lancaster Blvd,Mechanicsburg,Cumberland,PA,17055,,,100,2021-02-01
Encompass Health Rehabilitation Hospital of Nittany Valley,550 West College Avenue,Pleasant Gap,Centre,PA,16823,,,100,
Encompass Health Rehabilitation Hospital of Nittany Valley,550 West College Avenue,Pleasant Gap,Centre,PA,16823,,,100,2021-02-01
Encompass Health Sewickley,351 Camp Meeting Road,Sewickley,Allegheny,PA,15143,,,100,
Endless Mountain Health System,100 Hospital Dr.,Montrose,Susquehanna,PA,18801,,,200,2021-02-01
Eric's RX Shoppe,810 Welsh Rd,Horsham,Montgomery,PA,19044,,,300,2021-02-01
Esposito Medical Associates ,599 N Church St Suite 200,Mount Pleasant,Westmoreland,PA,15666,,,100,
Evergreen Pharmacy ,"1222 Welsh Road, Suite C1",North Wales,Montgomery,PA,19454,,,200,
Evergreen Pharmacy II Inc,702 Dekalb Pike,Blue Bell,Montgomery,PA,19422,,,100,
Exeter Twp. Health Care,2795 Sullivans Trail,Falls,Wyoming,PA,18615,,,100,
FPC - Hershey Family Practice Center,3003 Elizabeth Road,Hershey,Dauphin,PA,17033,,,100,
FPC- Enola Family Practice Center,30 East Shady Lane,Enola,Cumberland,PA,17025,,,100,
FPC- Family Practice Center Muncy,"10 Shady Lane, 10",Muncy,Lycoming,PA,17756,,,100,
FPC- Herndon Family Practice Center,1244 State Route 225,Herndon,Northumberland,PA,17830,,,100,
FPC- Middleburg Family Practice Center,1 Dock Hill Road,Middleburg,Snyder,PA,17842,,,100,
FPC- Mifflinburg Family Practice Center,137 Forest Hill Rd,Mifflinburg,Union,PA,17844,,,100,
FPC- Mifflintown Family Practice Center,"2816 Industrial Park Road, Suite C",Mifflintown,Juniata,PA,16059,,,200,
FPC- Mifflintown Family Practice Center,2813 Industrial Park Road Suite C,Mifflintown,Juniata,PA,17059,,,300,2021-02-01
FPC- Millersburg Family Practice Center,100 South Front St,Millersburg,Dauphin,PA,17061,,,100,
FPC- Montoursville Family Practice Center,1500 Broad Center,Mountoursville,Lycoming,PA,17754,,,100,
FPC- Mt Pleasant Mills Family Practice Center,"9627 Route 35, Suite 10",Mount Pleasant Mills,Snyder,PA,17853,,,100,
FPC- New Cumberland Family Practice Center,1515 Bridge St,New Cumberland,Cumberland,PA,17070,,,100,
FPC- Selinsgrove 1 Family Practice Center,"21 Susquehanna Valley Mall Drive, A",Selinsgrove,Snyder,PA,17870,,,100,
FPC- Steelton South Family Practice Center,30 South First St,Steelton,Dauphin,PA,17113,,,100,
FPC-Elizabethville Family Practice Center,282 West Main Street,Elizabethville,Dauphin,PA,17023,,,100,
FPC-Halifax Family Practice Center,"36 South River Road, 1",Halifax,Dauphin,PA,17032,,,100,
FPC-Hughesville Family Practice Center,246 South Main St,Hughesville,Lycoming,PA,17737,,,300,2021-02-01
FPC-Lewisburg Family Practice Center,131 JPM Road,Lewisburg,Union,PA,17837,,,100,
FPC-Mill Hall Family Practice Center,7133 Nittany Valley Drive,Mill Hall,Clinton,PA,17751,,,100,
FPC-Pagana Defazio Family Practice Center,1072 Market Street,Sunbury,Northumberland,PA,17801,,,100,
FPC-Shamokin Dam Family Practice Center,3057 N Susquehanna Trail,Shamokin Dam,Snyder,PA,17876,,,100,
FPC-Watsontown Family Practice Center,12560 State Route 405,Watsontown,Northumberland,PA,17777,,,100,
Family 1 Pharmacy,4005 Veterans Hwy,Levittown,Bucks,PA,19056,,,100,
Family First Health Columbia,369 Locust st,Columbia,Lancaster,PA,17572,,,100,
Family First Health- George Street Center,"116 South George Street, 200 ",York,York,PA,17401,,,100,2021-02-01
Family First Health- Gettysburg Center,"1275 York Road, 17",Gettysburg,Adams,PA,17325,,,100,
Family First Health- Hannah Penn Center,415 East Boundary Ave,York,York,PA,17403,,,100,
Family First Health- Hanover Center,1230 High St,Hanover,York,PA,17331,,,100,
Family First Health- Lebanon Center,300 Willow St,Lebanon,Lebanon,PA,17046,,,100,
Family First Health- Lewisberry Center,308 Market St,Lewisberry,York,PA,17339,,,100,
Family Health Clinic of Barnes Kasson Hospital,2872 Turnpike St.,Susquehanna,Susquehanna,PA,18847,,,600,2021-02-01
Family Matters Direct Primary Care,4284 William Flynn Hwy Suite 102,Allison Park,Allegheny,PA,15101,,,100,2021-02-01
Family Medicine Crooked Oak,1655 Crooked Oak Drive,Lancaster,Lancaster,PA,17601,,,200,
Family Medicine Susquehanna,1159 River Road,Marietta,Lancaster,PA,17547,,,100,
Family Practice Center - Elizabethtown,300 Maytown Road,Elizabethtown,Lancaster,PA,17022,,,100,2021-02-01
Family Practice Center P.C. Elysburg,289 S. Market St.,,Northumberland,PA,17824,,,100,
Family Practice Center- Laporte,217 King St,Laporte,Sullivan,PA,18626,,,100,
Family healthcare of Punxsutawney,83 Hillcrest Dr,Punxsutawney,Jefferson,PA,15767,,,100,
Fishers Pharmacy,654 E Pitt St,Bedford,Bedford,PA,15522,,,100,
Forbes Hospital ,2570 Haymaker Road,Monroeville,Allegheny,PA,15146,975,2021-02-01,,
Freeland Health Center,404 Ridge Street,Freeland,Luzerne,PA,18224,,,100,
Fresenius Kidney Care Western Pennsylvania,5124 Liberty Ave,Pittsburgh,Allegheny,PA,15224,,,100,
Frick Hospital,508 S Church Street,Mt. Pleasant,Westmoreland,PA,15666,975,2021-02-01,,
Fulton County Medical Center,214 Peach Orchard Rd,McConnellsburg,Fulton,PA,17233,,,100,
Fulton County Medical Center,214 Peach Orchard Rd,McConnellsburg,Fulton,PA,17233,,,100,
GH Bradford Regional Medical Center,116 Interstate Parkway,Bradford,McKean,PA,16701,,,100,
Gaughn's Drug Store,348 Pennsylvania Ave West,Warren,Warren,PA,16365,,,100,
Geisinger Jersey Shore Hospital,1020 Thompson St.,Jersey Shore,Lycoming,PA,17740,,,200,2021-02-01
Geisinger Medical Center,100 N. Academy Ave.,Danville,Montour,PA,17822,,,500,2021-02-01
Geisinger Wyoming Valley Medical Center,"1,000 E. Mountain Rd.",Wilkes Barre,Luzerne,PA,18711,,,800,2021-02-01
Genoa Healthcare 00032,793 Old Route 119 Highway North,Indiana,Indiana,PA,15701,,,100,
Genoa Healthcare 00105,214 College Park Plaza Suite 214B,Johnstown,Cambria,PA,15904,,,100,
Genoa Healthcare 00115,1902 Olde Homestaed Ln,Lancaster,Lancaster,PA,17601,,,100,
Genoa Healthcare 00144,"119 Walnut St., Suite 500",Johnstown,Cambria,PA,15901,,,100,
Genoa Healthcare 20118,1350 West 26th St STE 100,Erie,Erie,PA,16508,,,100,
Genoa Healthcare 20227,500 N. West Street,Doylestown,Bucks,PA,18901,,,100,
Genoa Healthcare 20270,2 Eastgate Ave,Monessen,Westmoreland ,PA,15062,,,100,
George Martin Allergy & Asthma,100 E Lancaster Ave,Wynnewood,Montgomery,PA,19096,,,100,2021-02-01
Gettysburg Cancer Center,"20 Expedition Trail, Ste 101",Gettysburg,Adams,PA,17325,,,100,
Giant Eagle Pharmacy #0053,300 Tri-County Lane,Belle Vernon,Fayette,PA,15012,,,100,
Giant Eagle Pharmacy #0249,"6204 State Route 30, Suite A",Greensburg,Westmoreland,PA,15601,,,800,
Giant Eagle Pharmacy #2405,999 N Eighty Eight Rd,Rices Landing,Greene,PA,15357,,,100,
Giant Eagle Pharmacy #2409,1705 S Braddock Ave,Pittsburgh,Allegheny,PA,15218,,,100,
Giant Eagle Pharmacy #2424,1300 Country Club Rd,Monogahela,Washington,PA,15063,,,100,
Giant Eagle Pharmacy #4706,3701 Route 88,Finleysville,Washington,PA,15332,,,100,
Giant Eagle Pharmacy #62,111 W Madison St,Rochester,Beaver,PA,15074,,,100,
Giant Eagle Pharmacy #72,910 Freeport Rd,Pittsburgh,Allegheny,PA,15238,,,100,
Giant Pharmacy # 6004,1008 Lititz Pike,Lititz,Lancaster,PA,17543,,,100,
Giant Pharmacy # 6011,2450 Chemical Rd,Plymouth Meeting,Montgomery,PA,19462,,,100,
Giant Pharmacy # 6014,1278 S Market St,Elizabethtown,Lancaster,PA,17022,,,100,
Giant Pharmacy # 6018,760 PA-113,Souderton,Bucks,PA,18964,,,100,
Giant Pharmacy # 6023,700 Nutt Rd ,Phoenixville,Chester,PA,19460,,,100,
Giant Pharmacy # 6045,849 Baltimore Pike,West Grove,Chester,PA,19390,,,100,
Giant Pharmacy # 6046,2721 Street Rd,Bensalem,Bucks,PA,19020,,,100,
Giant Pharmacy # 6051,141 E Swesdesford Rd,Exton,Chester,PA,19341,,,100,
Giant Pharmacy # 6061,397 Baltimore Rd,Shippensburg,Cumberland,PA,17257,,,100,
Giant Pharmacy # 6083,N Oak Ave,Alder,Delaware,PA,19018,,,100,
Giant Pharmacy # 6088,450 E Main St,Middletown,Dauphin,PA,17057,,,100,
Giant Pharmacy # 6091,1760 Dekalb Pike,Blue Bell,Montgomery,PA,19422,,,100,
Giant Pharmacy # 6094,471 S Oxford Valley Rd,Fairless Hills,Bucks,PA,19030,,,100,
Giant Pharmacy # 6112,255 S Spring Garden St,Carlisle,Cumberland,PA,17013,,,100,
Giant Pharmacy # 6117,10 Newport Rd,Leola,Lancaster,PA,17450,,,100,
Giant Pharmacy # 6120,255 Cumberland Pkwy,Mechanicsburg,Cumberland,PA,17055,,,100,
Giant Pharmacy # 6122,1969 E 3rd St,Williamsport,Lycoming,PA,16793,,,100,
Giant Pharmacy # 6277,600 E Lancaster Ave,Shillington,Berks,PA,19607,,,100,
Giant Pharmacy # 6277,7673 Lake Raystown Shopping Center,Huntingdon,Huntingdon,PA,16652,,,100,
Giant Pharmacy # 6278,3400 Concord Rd,Aston,Delaware,PA,19014,,,100,
Giant Pharmacy # 6279,277 Hershey Rd,Hummelstown,Dauphin,PA,17036,,,100,
Giant Pharmacy # 6287,1000 Scott Town Center,Bloomsburg,Columbia,PA,17815,,,100,
Giant Pharmacy # 6301,3477 Lincoln Hwy,Thorndale,Chester,PA,19372,,,100,
Giant Pharmacy # 6306,2130 Palomino Rd,Dover,York,PA,17315,,,100,
Giant Pharmacy # 6317,967 S Township Line Rd,Royersford,Montgomery,PA,19468,,,100,
Giant Pharmacy # 6324,4001 New Falls Rd,Levittown,Bucks,PA,19056,,,100,
Giant Pharmacy # 6333,901 S W. End Boulevard,Quakertown,Bucks,PA,18951,,,100,
Giant Pharmacy # 6427,315 York Rd,Willow Grove,Montgomery,PA,19090,,,100,
Giant Pharmacy # 6442,116 W Township Line Rd,Havertown,Delaware,PA,19083,,,100,
Giant Pharmacy # 6443,925 Norland Ave,Chambersburg,Franklin,PA,17201,,,100,
Giant Pharmacy # 6448,180 Upland Square Dr,Stowe,Montgomery,PA,19464,,,100,
Giant Pharmacy # 6464,721 W Sproul Rd,Springfield,Delaware,PA,19064,,,100,
Giant Pharmacy # 6481,10 E Ridge Pike,Conshohocken,Montgomery,PA,19428,,,100,
Giant Pharmacy # 6485,769 E Main St,Mount Joy,Lancaster,PA,17552,,,100,
Giant Pharmacy # 6518,2350 Susquehanna Rd,Roslyn,Montgomery,PA,19001,,,100,
Giant Pharmacy # 6522,1874 Bethlehem Pike,Flourtown,Montgomery,PA,19031,,,100,
Giant Pharmacy # 6535,10000 Shannondell Dr,Audobon,Montgomery,PA,19403,,,100,
Giant Pharmacy # 6547,1661 Easton Rd,Warrington,Bucks,PA,18976,,,100,
Giant Pharmacy #6006,136 Kline Village,Harrisburg,Dauphin,PA,17104,,,100,
Giant Pharmacy #6504,300 Lincoln Avenue East,Stroudsburg,Monroe,PA,18301,,,100,
Giant Pharmacy #6523,2180 West Chester Pike,Broomall,Delaware,PA,19008,,,100,2021-02-01
Giant Pharmacy #6529,4510 Martketplace Way,Enola,Cumberland,PA,17025,,,100,
Green Street Primary Care,2000 Green Street,Farrell,Mercer,PA,16121,,,100,
Greencastle Family Practice,"50 Eastern Ave, Ste 135",Greencastle,Franklin,PA,17225,,,100,
Greenhill Pharmacy,54 W 4th ST Suite 38,Bridgeport,Montgomery,PA,19405,,,100,
Greenville Pharmacy,43 Williamson Rd Ste #1,Greenville,Mercer,PA,16125,,,100,
Guthrie Clinic Sayre,1 Guthrie Square,Sayre,Bradford,PA,18840,,,100,
Guthrie Clinic Sayre,1 Guthrie Square,Sayre,Bradford,PA,18840,,,100,2021-02-01
Guthrie Clinic-Tunhannock,512 Town Plaza Suite-124,Tunkhannock,Wyoming,PA,18657,,,100,2021-02-01
HAZELWOOD FAMILY HEALTH CENTER,4918 2ND AVE,Pittsburgh,Allegheny ,PA,15207,,,100,
Hamilton Health Center,110 S 17th St,Harrisburg,Dauphin,PA,17104,,,100,
Hanover Family Practice- Clover,112 Clover Lane,Hanover   ,York,PA,17331,,,100,
Harrisburg Endoscopy & Surgery Center,4760 Union Deposit Road    ,Harrisburg,Dauphin,PA,17111,,,100,
Hazleton Urgent Care,101 S. Church St.,Hazleton,Luzerne,PA,18201,,,100,
Health Services Pharmacy,1201 Grampian Boulevard,Williamsport,Lycoming,PA,17701,,,500,2021-02-01
HealthDirect Institutional Pharmacy Services,1901 Dailey Ave,Latrobe,Westmoreland,PA,15650,,,100,
HealthQuest Medical Associates,5318 Ranalli Dr,Gibsonia,Allegheny,PA,15044,,,100,
HealthQuest Medical Associates,5318 Ranalli Dr,Gibsonia,Allegheny,PA,15044,,,200,2021-02-01
Helalozy Inc dba The Hometown Pharmacy,4969 Tuscarawas Rd,Beaver,Beaver,PA,15009,,,200,2021-02-01
Heritage Valley Beaver,1000 Dutch Ridge Rd,Beaver,Beaver,PA,15009,2925,2021-02-04,,
Hershey Pharmacy and Gift,731 Cherry Dr,Hershey,Dauphin,PA,17033,,,300,
Hersheycare Pharmacy,465 W Governor Rd Ste #2,Hershey,Dauphin,PA,17033,,,500,
Highland Physicians Health Center,1839 Fair Ave.,Honesdale,Wayne,PA,18431,,,400,2021-02-01
Highlands Health Free and Charitable Clinic,315 Locust,Johnstown,Cambria,PA,15901,,,100,
Highlands Hospital,401 e murphy ave,Connellsville,Fayette,PA,15425,1950,2021-02-04,,
Hillcrest Pharmacy and Compounding,3985 Columbia Ave Unit 2,Columbia,Lancaster,PA,17512,,,300,2021-02-01
Hilltop Pharmacy,818 E. Warrington Ave.,Pittsburg,Allegheny,PA,15201,,,100,
Hilltop Pharmacy,818 E. Warrington Ave.,Pittsburgh,Allegheny,PA,15201,,,1500,2021-02-01
Holly Pharmacy,31 N Baltimore Ave,Mt. Hollly Springs,Cumberland,PA,17065,,,300,2021-02-01
Holy Redeemer Hospital,1648 Huntingdon Pike,Meadowbrook,Montgomery,PA,19046,,,900,
Horsham Pharmacy,316 Horsham Rd Suite E,Horsham,Montgomery,PA,19044,,,100,
Horsham Pharmacy,316 Horsham Rd Suite E,Horsham,Montgomery,PA,19044,,,200,2021-02-01
Horsham Square Pharmacy,575 Horsham RD Unit C20,Horsham,Montgomery,PA,19044,,,100,
Houcks Road Family Practice,100 South Houcks Road,Harrisburg,Dauphin ,PA,17109,,,100,
Hyde Drug Store,2412 Wilmington Rd.,New Castle,Lawrence,PA,16105,,,100,
Hyndman Area Health Center Bedford,104 Railroad Street,Bedford,Bedford,PA,15522,,,200,
Indiana Regional Medical Center,835 Hospital Road,Indiana,Indiana,PA,15701,975,2021-02-04,,
Innovative Pharmacy,2014 Ford Road  - Unit B,Bristol,Bucks,PA,19007,,,100,
Integrated Corporate Health,2403 Sidney Street Ste 220,Pittsburgh,Allegheny,PA,15203,,,600,2021-02-01
Interim Healthcare of Western PA Inc,127 N Brady ST,DuBois,Clearfield,PA,15801,,,100,
Internists of Central PA,108 Lowther St,Lemoyne,Cumberland,PA,17043,,,100,
Jamestown Pharmacy,121 Liberty St,Jamestown,Mercer,PA,16134,,,100,
Jefferson Regional Medical Center,565 Coal Valley Road,Jefferson Hills,Allegheny,PA,15025,1950,2021-02-04,,
KRHC- Ridgway Medical Center,"49 Ridgmont Dr, 1",Ridgway,Elk,PA,15853,,,200,
KRHC-Cameron County HC-MAIN,90 East 2nd Street,Emporium,Cameron,PA ,15834,,,100,2021-02-01
KRHC-Cameron County HC-MAIN,90 East 2nd Street,Emporium,Cameron,PA,15834,,,100,
Karwaski Pharmacy,26 Dallas Shopping Center,Dallas,Luzerne,PA,18612,,,100,
Keller & Munro Inc,127 E Church St,Lock Haven,Clinton,PA,17745,,,100,
Kety Inc dba The Hometown Pharmacy,3589 Brodhead Rd,Monaca,Beaver,PA,15061,,,100,
Knights Road Pharmacy,2788 Knights Rd,Bensalem,Bucks,PA,19020,,,100,
Krynicki Inc dba Dierkens Pharmacy,100 E Main St,Monongahela,Washington,PA,15863,,,100,
Krynicki Inc dba Dierkens Pharmacy,100 E Main St,Monongahela,Washington,PA,15863,,,300,2021-02-01
LGH Downtown Family Medicine,540 N Duke St 3rd Fl,Lancaster,Lancaster,PA,17602,,,100,
LGH Downtown Family Medicine,540 N Duke St 3rd Fl,Lancaster,Lancaster,PA,17602,,,100,2021-02-01
LGH Express at Crooked Oak,1605 Lititz Pike,Lititz,Lancaster,PA,17601,,,100,
LGH Express at Crooked Oak,1605 Lititz Pike,Lititz,Lancaster,PA,17601,,,200,
LGH Manheim Family Medicine,700 Lancaster RD,Manheim,Lancaster,PA,17545,,,100,
LGH- New Holland Family medicine,676 East main street ,New Holland,Lancaster,PA,17557,,,100,
LGH- Novara Health,605 Richmond Dr Suite 107,Lancaster,Lancaster,PA,17601,,,100,
LGH-Lincoln Family Medicine,"1635 West Main Street, 700",Ephrata,Lancaster,PA,17522,,,100,
LGH-Parkesburg Family Medicine,950 South Octorara Trail,Parkesburg,Chester,PA,19365,,,100,
LVPG Family Medicine-Schuylkill Medical Plaza,200 Schuylkill Medical Plaza,Pottsville,Schuylkill,PA,17901,,,100,
LVPG-P Bartonsville Internal Medicine,600 Commerce Blvd,Stroudsburg,Monroe,PA,18360,,,100,
LVRX Pharmacy,211 S Market St,Ligonier,Westmoreland,PA,15658,,,100,
LaCon's Pharmacy,1336 Powell St,Norristown,Montgomery,PA,19401,,,100,2021-02-01
Lackawanna County SHC,100 Lackawanna Ave,Scranton,Lackawanna,PA,18503,,,100,2021-02-01
Lancaster EMS,1829 Lincoln Highway,East Lancaster,Lancaster,PA,17601,,,100,
Lancaster General Health Physicians Family Medicine Oxford,620 Spear Street,Oxford,Chester,PA,19363,,,100,
Lancaster Health Center ,304 North Water St,Lancaster,Lancaster,PA,17603,,,200,
Lancaster Health Center ,304 North Water St,Lancaster,Lancaster,PA,17603,,,200,2021-02-01
Lancaster Pediatric Associates,2106 Harrisburg Pike Suite 1,Lancaster,Lancaster,PA,17601,,,200,2021-02-01
Lansdale Hospital,100 Medical Campus Drive,Lansdale,Montgomery,PA,19446,,,600,2021-02-01
Latrobe Health Center,529 Lloyd Ave,Latrobe,Westmoreland,PA,15650,,,100,
Latrobe Hospital,1 Mellon Way,Latrobe,Westmoreland,PA,15650,975,2021-02-01,,
Lebanon Community Health Center,920 Church St,Lebanon,Lebanon,PA,17046,,,100,
Lebanon Valley Family Medicine ,"1400 South Forge Rd, 1",Palmyra,Lebanon,PA,17078,,,100,
Lehigh Valley Physicain Group Pedicatrics,564 W. Broad St.,Hazleton,Luzerne,PA,18201,,,100,
Lehigh Valley health Network,2024 Lehigh St. Suite-600,Allentown,Lehigh,PA,18103,,,9000,
Linesville Pharmacy,123 Erie Street,Linesville,Crawford,PA,16134,,,100,
Livingston Pharmacy,550 Miller Ave,Clairton,Allegheny,PA,15025,,,100,
Livingston Pharmacy,550 Miller Ave,Clairton,Allegheny,PA,15025,,,200,2021-02-01
Lower Bucks Hospital ,501 Bath Rd,Bristol,Bucks,PA,19007,1950,2021-02-04,,
Lycoming County SHC,1000 Commerce Park Dr,Williamsport,Lycoming,PA,17701,,,100,2021-02-01
MHEDS (Multicultural Health Evaluation Delivery System),2928 Peach St,Erie ,Erie,PA,16508,,,100,
MLHC-Lankenau Medical Center,100 E Lancaster Avenue,Wynnewood,Montgomery,PA,19096,1950,2021-02-01,,
MLHC-Lankenau Medical Center,100 E Lancaster Avenue,Wynnewood,Montgomery,PA,19096,1950,2021-02-04,,
MacDonalds Pharmacy,214 Peach Orchard Rd,McConnellsburg,Fulton,PA,17233,,,200,
Mainline Pharmacy - Cresson,1207 Second St,Cresson,Cambria,PA,16630,,,100,2021-02-01
Mainline Pharmacy - Ebensburg,3720 New Germany Rd,Ebensburg,Cambria,PA,15931,,,100,
Mainline Pharmacy - Hastings,317 Beaver St,Hastings,Cambria,PA,16646,,,100,
Mainline Pharmacy - Portage,619 Main St Portage,Portage,Cambria,PA,15946,,,100,
Mainline Pharmacy - Somerset,168 W Main St,Somerset,Somerset,PA,15501,,,100,
Marcus Hook Pharmacy,46 E 10th Street,Marcus Hook,Delaware,PA,19061,,,100,
Martins Pharmacy # 6012,2032 E Pleasant Vly Blvd,Altoona,Blair,PA,16602,,,100,
Martins Pharmacy # 6308,1570 Oakland Ave,Indiana,Indiana,PA,15701,,,100,
Marysia Inc dba The Hometown Pharmacy,3 Northgate Pl Unit 2,Harmony,Butler,PA,16037,,,100,
Mauch Chunk Pharmacy,1204 North St,Jim Thorpe,Carbon,PA,18829,,,200,2021-02-01
McCracken Pharmacy,595 East High Street ,Waynesburg,Greene,PA,15370,,,100,
McElroy Pharmacy,100 E. Main St. ,Lititz,Lancaster,PA,17543,,,100,
McKeesport  Family Health Center,627 Lyle Blvd,McKeesport,Allegheny,PA,15132,,,100,
Meadville Medical Center,751 Liberty St. ,Meadville,Crawford,PA,16335,975,2021-02-01,,
Medical Arts Pharmacy,220 Wilson St 100,Carlisle,Cumberland,PA,17013,,,200,2021-02-01
Medical Center at Woods,10 Meadowood Dr,Langhorne,Bucks,PA,19047,1950,2021-02-01,,
Mercer Pharmacy,737 Greenville Rd,Mercer,Mercer,PA,16137,,,100,
Mercy Fitzgerald,1500 Landsdowne Ave,Darby,Delaware,PA,19023,,,1500,
Millcreek Community Hospital,5515 Peach Street,Erie,Erie,PA,16509,,,100,
Monongahela Valley Hospital,1163 Country Club Road,Monongahela,Washington,PA,15063,975,2021-02-04,,
Montgomery County Department of Public Safety              ,50 Eagleville Road,Norristown,Montgomery,PA,19403,,,200,
Mount Nittany Medical Center,1800 East Park Avenue,State College,Centre,PA,16803,1950,2021-02-04,,
My Care Now,90 Beaver Drive Building C ,DuBois ,Clearfield,PA,15801,,,100,
NCS Pharmacy,545 Pershing Ave,Lancaster,Lancaster,PA,17602,,,100,
NUWAY PHARMACY,"1639 HAINES ROAD, ",Levittown,Bucks,PA,19055,,,100,
Nason Hospital,105 Nason Drive,Roaring Spring,Blair,PA,16673,,,100,
Nason Hospital,105 Nason Drive,Roaring Spring,Blair,PA,16673,975,2021-02-04,,
Nell's Pharmacy-Spry,2720 S Queen Street,york,York,PA,17403,,,100,
New Castle Primary Care ,1112 S Mill Street,New Castle,Lawrence,PA,16101,,,100,
Newport Family Practice PC,52 Red Hill Court,Newport,Perry,PA,17074,,,100,
Norland Avenue Pharmacy,"12 St. Paul Dr, 105",Chambersburg,Franklin,PA,17201,,,100,
Norristown Health Center- Montgomery County,1430 Dekalb Street Floor 2,Norristown,Montgomery,PA,19401,,,1000,
Norristown Health Center- Montgomery County,1430 Dekalb Street Floor 2,Norristown,Montgomery,PA,19401,,,4400,
Norristown State Hospital,1001 Sterigere Street,Norristown,Montgomery,PA,19401,,,100,
North East Family Practice,115 East Main Street,North East,Erie,PA,16428,,,100,
North Penn Comprehensive Health services,7 Water Street,Wellsboro,Tioga,PA,16901,,,100,
Northern Bedford Pharmacy,3499 Brumbaugh Rd,New Enterprise,Bedford,PA,16664,,,100,
Northside Christian Health Center,816 Middle St.,Pittsburgh,Allegheny,PA,15212,,,100,2021-02-01
Oak Valley Medical and Dental PC,103 New Meadow Run Dr,Farmington,Fayette,PA,15437,,,100,
Oakside Care  Pharmacy,440 Lehigh ST,Reading,Berks,PA,19601,,,100,
Oil City Health Center,811 Grandview Road,Oil City ,Venango,PA,16301,,,100,
PAM Specialty Pharmacy of Wilkes-Barre,575 N. River St. 7th Floor,Wilkes-Barre,Luzerne,PA,18764,,,200,
PARVIN'S PHARMACY,30 N BRYN MAWR AVE  ,Bryn Mawr,Montgomery,PA,19010,,,100,
PHN- Altoona Community Health Center,1701 12th Ave,Altoona,Blair,Pa,16601,,,100,
PHN- Autumn Street Health Center,99 Autumn St,Aliquippa,Beaver,PA,15001,,,100,
PHN- Ebensburg Health Center,"152 Zeman Drive, Suite 301",Ebensburg,Cambria,PA,15931,,,100,
PHN- Elwood City Health Center,"304 Evans Drive, 201",Ellwood City,Lawrence,PA,16117,,,100,
PHN- Greenville Community Health Center,348 Main St,Greenville,Mercer,PA,16125,,,100,
PHN- Jacksonville Family Medical Center,29 Saltsburg Road,Clarksburg,Indiana,PA,15725,,,100,
PHN- Lewistwown Community Health Center,"106 Derry Heights, 100",Lewistown,Mifflin,PA,17044,,,100,
PHN- Sandy Lake Community Health Center,3205 S Main St,Sandy Lake,Mercer,PA,16145,,,100,
PHN- Schuylkill Community Health Center,210 Sunbury St,Minersville,Schuylkill,PA,17954,,,100,
PHN- Sharon Medical Group- Suite 2,"63 Pitt St, 301",Sharon,Mercer,PA,16146,,,100,
PHN- Sheakleysville Health Center,3339 Perry Highway,Sheakleysville,Mercer,PA,16151,,,100,
PHN- Titusville Community Health,120 South Martin Street ,Titusville,Crawford,PA,16354,,,100,
PHN-Hoffman Memorial Medical Center,419 Kellys Way ,East brady,Clarion,PA,16028,,,100,
PHN-Petroleum Valley Medical Center,296 Church Street,Petrolia,Butler,PA,16050,,,100,
PHN-Punxsutawney Community HC,200 Prushnok Drive Suite 202 ,Punxsutawney,Jefferson,PA,15767,,,100,
PHN-Sharon Medical Group Pediatrics,63 Pitt St  Suite 202,Sharon,Mercer,PA,16146,,,200,2021-02-01
PHN-Wayne Primary Care,"650 East Avenue, B",Erie,Erie,PA,16503,,,100,
PORTERS PRESCRIPTION PHARMACY,935 BEAVER GRADE RD,Moon Twp,Allegheny,PA,15108,,,100,
Passport Health,847 Easton Road Suite 2800,Warrington,Bucks,PA,18976,,,100,
Penn Highland Huntingdon,1225 Warms Springs Ave,Huntingdon,Huntingdon,PA,16652,975,2021-02-04,,
Penn Highland Huntingdon,1225 Warms Springs Avenue,Huntingdon,Huntingdon,PA,16652,975,2021-02-01,,
Penn Highlands Dubois,100 Hospital Ave.,Dubois,Clearfield,PA,15801,2925,2021-02-04,,
Penn Highlands Dubois,100 Hospital Avenue,DuBois ,Clearfield,PA,15801,,,1200,2021-02-01
Penn Highlands Elk,763 Johnsonburg Rd.,St. Marys,Elk,PA,15857,1950,2021-02-04,,
Penn Medicine Roseville Pediatrics,1570 Fruitville Pike,Lancaster,Lancaster,PA,17601,,,100,2021-02-01
Penn State Health St. Joseph Medical Center,2500 Bernville RD,Reading ,Berks,PA,19605,,,500,2021-02-01
Perry Drug Store,301 Independence St,Perryopolis,Fayette,PA,15473,,,100,
Perry Physicains,4570 Valley Rd,Shermans Dale,Perry,PA,17090,,,200,2021-02-01
Physician's Care Surgical Hospital,454 Enterprise Drive,Royersford,Montgomery,PA,19468,,,200,2021-02-01
Pittsburgh Mercy Family Health Center,249 South 9th Street,Pittsburgh,Allegheny,PA,15203,,,500,2021-02-01
Pleasant Valley Family Medicine,401 High Street,Lock Haven,Clinton,PA,17745,,,100,
Port Allegany Pharmacy,54-56 North Main Street,Port Allegany,McKean,PA,16743,,,100,
Portage Rural Health Center,"3670 Portage St, Ste 105",Portage,Cambria,PA,15946,,,100,
Primary Care Pharmacy Services Inc,2027 Lebanon Church Rd,West Mifflin,Allegheny,PA,15122,,,200,2021-02-01
Primary Health Network   Tri County Community Health Center,1555 Shawna Road,Cherry Tree,Indiana,PA,15724,,,100,
Prime Care Pharmacy,310 Adams Ave.,Scranton,Lackawanna,PA,18503,,,100,
Prime Care Pharmacy,310 Adams Ave.,Scranton,Lackawanna,PA,18503,,,200,2021-02-01
Public Drug,6925 Ludlow St,Upper Darby,Delaware,PA,19082,,,100,
Quality Care Pharmacy,1 Sprint Drive,Carlisle,Cumberland,PA,17015,,,100,
Quality Care Pharmacy,1 Sprint Drive,Carlisle,Cumberland,PA,17015,,,300,2021-02-01
Quik Stop Pharmacy of Barley Station Inc,3506 E Lincoln Highway,Thorndale,Chester,PA,19372,,,100,
Rann Pharmacy,377 Main St.,Harleysville,Montgomery,PA,19438,,,100,
Rios Pharmacy,35 South Morton Ave,Morton,Delaware,PA,19070,,,100,
Roadway Pharmacy,6858 Rt. 711,Seward,Westmoreland,PA,15954,,,100,
Robert Packer Hospital,1 Guthrie Square,Sayre,Bradford,PA,18840,1950,2021-02-04,,
Rx Partners LTC,500 Old Pond Rd,Bridgeville,Allegheny ,PA,15017,,,1000,
SLUHHN-Monroe,100 St. Lukes' Lane,Stroudsburg,Monroe,PA,18360,,,900,2021-02-01
SLUHN-Miners,360 West Ruddle St. Pharmacy Dept.,Coaldale,Carbon,PA,18218,,,400,2021-02-01
STATE COLLEGE DIALYSIS,500 SCIENCE PARK RD Suite 2,State College,Centre,PA,16803,,,100,
Sadler Health Center,100 North Hanover Street,Carlisle,Cumberland,PA,17013,,,100,2021-02-01
Sams Club Store #4847,6211 State Route 30,Greensburg,Westmoreland,PA,15601,,,100,
Sams Club Store #4952,2000 Village Center Drive,Tarentum,Allegheny,PA,15084,,,100,
Sams Club Store #4994,"6520 Carlisle Pike, ste 250",Mechanicsburg,Cumberland,PA,17050,,,100,
Sams Club Store #6251,81 Trinity Point,Washington ,Washington,PA,15301,,,100,
Sams Club Store #6460,2500 Plank Road Commons,Altoona,Blair,PA,16601,,,100,
Sams Club Store #6533,381 Benner Pike,State College,Centre,PA,16801,,,100,
Sams Club Store #6547,611 Lycoming Mall Circle,Muncy,Lycoming,PA,17756,,,100,
Sams Club Store #6675,7200 Peach St,Erie,Erie,PA,16509,,,100,
Sams Club Store #6677,3621 William Penn Hwy,"Monroeville,",Allegheny,PA,15146,,,100,
Sams Club Store #6679,2251 Century Drive,West Mifflin,Allegheny,PA,15122,,,100,
Saxonburg Drug,115 Pittsburgh St,Saxonburg,Butler,PA,16056,,,100,
Saxonburg Drug,115 Pittsburgh St,Saxonburg,Butler,PA,16056,,,100,2021-02-01
Scranton Primary Health Care Center,959 Wyoming Ave.,Scranton,Lackawanna,PA,18509,,,700,2021-02-01
Select Specialty Hospital - Danville,100 North Academy Drive,Danville,Montour,PA,17822,,,100,
Select Specialty Hospital - Danville,100 North Academy Drive,Danville,Montour,PA,17822,,,100,2021-02-01
Select Specialty Hospital McKeesport,1500 Fifth Avenue,McKeesport,Allegheny,PA,15132,,,100,
Select Specialty Hospital McKeesport,1500 Fifth Avenue,McKeesport,Allegheny,PA,15132,,,100,2021-02-01
Sharon Pharmacy,63 Pitt ST Suite 102,Sharon,Mercer,PA,16146,,,100,
Sharon Regional Medical,740 East State ,Sharon,Mercer,PA ,16146,2925,2021-02-04,,
Shickshinny Health Center,26 North Main St.,Shickshinny,Luzerne,PA,18665,,,100,
Skippack Pharmacy,4118 W Skippack Pike,Skippack,Montgomery,PA,19474,975,2021-02-04,,
Slippack Pharmacy,4118 W Slippack Pike,Slippack,Montgomery,PA,19474,,,200,
Sloans Mount Joy Pharmacy,61 East Main St,Mount Joy,Lancaster,PA,17552,,,100,
Span and Taylor Drug Co,175 W Main St,Monongahela,Washington,PA,15063,,,100,2021-02-01
Span and taylor Drug Co,175 W Main St,Monongahela,Washington,PA,15063,,,100,
Spartan Pharmacy,3526 Brownsville Rd,Pittsburgh,Allegheny,PA,15227,,,200,
Springfield Pharmacy,1154 Baltimore Pike,Springfield,Delaware,PA,19064,,,100,
Squirrel Hill Health Center - Brentwood,103 Towne Square Way,Pittsburgh,Allegheny,PA,15227,,,100,
Squirrel Hill Health Center - Brentwood,103 Towne Square Way,Pittsburgh,Allegheny,PA,15227,,,200,2021-02-01
Squirrel Hill Health Center,4516 Browns Hill Road,Pittsburgh,Allegheny,PA,15217,,,100,
Squirrel Hill Health Center,4516 Browns Hill Road,Pittsburgh,Allegheny,PA,15217,,,200,2021-02-01
St Clair Hospital,1000 Bower Hill Rd,Pittsburgh,Allegheny,PA,15243,975,2021-02-01,,
St Marys Pharmacy,4 Railroad St,St Marys,Elk,PA,15857,,,1400,
St. Lukes' Hospital-Anderson Campus,1872 St. Lukes' Blvd.,Easton,Northampton,PA,18045,,,4000,
St. Lukes' Hospital-Sacred Heart Campus,421 Chew St.,Allentown,Lehigh,PA,18102,,,1200,2021-02-01
St. Lukes' Hospital-Sacred Heart Campus,421 Chew St.,Allentown,Lehigh,PA,18102,975,2021-02-01,,
St. Lukes' Hospital-Sacred Heart Campus,421 Chew St.,Allentown,Lehigh,PA,18102,975,2021-02-04,,
St. Lukes' Hospital-Upper Bucks Campus,3000 St. Lukes' Drive,Quakertown,Bucks,PA,18951,,,600,
St. Lukes' University Health Network-Lehigh,211 North 12th St.,Lehighton,Carbon,PA,18235,,,400,2021-02-01
St. Lukes'-Geisinger,100 Paramount Ave.,Orwigsburg,Schuylkill,PA,17961,,,500,2021-02-01
Star Wellness Family Practice,2830 Easton Ave.,Bethlehem,Northampton,PA,18607,,,200,2021-02-01
Star Wellness Family Practice-Sigal,450 Chew St. Suite-101,Allentown,Lehigh,PA,18102,,,200,2021-02-01
State College Family Medicine,"2188 Sandy Drive, A",State College,Centre,PA,16803,,,100,
Stauffer's LTC Pharmacy,147 E Main St,New Holland,Lancaster,PA,17557,,,200,
Stauffers of Kissel Hill Pharmacy,301 Rohrerstown RD Pharmacy,Lancaster,Lancaster,PA,17603,,,100,
Stemat Inc The Hometown Pharmacy,20 E Lawrence St,New Castle,Lawrence,PA,16101,,,100,
Stemat Inc The Hometown Pharmacy,20 E Lawrence St,New Castle,Lawrence,PA,16101,,,300,2021-02-01
Sto Rox Family Health Center,710 Thompson Ave.,Makees Rocks,Allegheny ,PA,15736,,,100,
Sto Rox Family Health Center,710 Thompson Ave.,McKees Rocks,Allegheny,PA,15136,,,100,2021-02-01
Surgical Institute of Reading,2752 Century Blvd,Wyomissing,Berks,PA,19610,,,300,2021-02-01
Susquehanna Community Health and Dental,471 Hepburn St,Williamsport,Lycoming,PA,17701,,,100,
Susquehanna Community Health and Dental,471 Hepburn St,Williamsport,Lycoming,PA,17701,,,200,2021-02-01
Synergy Grandview Pharmacy,173 Point Township Drive,Northumberland,Northumberland,PA,17857,,,200,2021-02-01
THMG Vaccine Clinic- Muhlenberg,1000 Tuckerton Court,Reading,Berks,PA,19605,,,100,
Tadziu In dba The Hometown Pharmacy,730 E Pittsburgh St,Greensburg,Westmoreland,PA,15601,,,100,
The Bradley Center,5180 Campbells Run Rd,Pittsburgh,Allegheny,PA,15205,,,100,
The Medicine Shoppe #353,2665 Brodhead Road,Aliquippa,Beaver,PA,15001,,,100,
The Medicine Shoppe of Boyertown,2 East Philadelphia Pike,Boyertown,Berks,PA,19512,,,400,
The Medicine Shoppe,709 Ligonier Street,Latrobe,Westmoreland,PA,15650,,,100,
The Medicine Shoppe,709 Ligonier Street,Latrobe,Westmoreland,PA,15650,,,300,2021-02-01
The Wright Center for Community Health,1145 Northern Blvd.,Clarks Summit,Lackawanna,PA,18411,,,500,2021-02-01
The Wright Center for Community Health-Childrens Service Center,335 S. Franklin St.,Wilkes Barre,Luzerne,PA,18702,,,200,2021-02-01
The Wright Center for Community Health-Hawley,103 Spruce St.,Hawley,Wayne,PA,18428,,,100,2021-02-01
The Wright Center for Community Health-Kingston,2 Sharpe St.,Kingston,Luzerne,PA,18704,,,1000,2021-02-01
The Wright Center for Community Health-School Based Health,1401 Fellows St.,Scranton,Lackawanna,PA,18504,,,200,
The Wright Center for Community Health-Scranton,"501 S, Washington Ave.",Scranton,Lackawanna,PA,18505,,,1000,
The medicine Shoppe 2057,101 W Lancaster Ave,Shillington,Berks,PA,19607,,,100,
Tidioute Health Center,115 Main Street,Tidioute,Warren,PA,16351,,,100,
Tionesta Health Center,111 Bridge St,Tionesta,Forest,PA,16353,,,200,
Tower Health- Reading Hospital,420 S 5th Ave,Reading,Berks,PA,19611,,,2000,2021-02-01
Tri County health and Wellness Center,507 Kimberton Rd,Phoenixville,Chester,PA,19460,,,100,2021-02-01
Trilogy Mission Rx LLC dba PCA Pittsburgh,307 23rd St Extension 164,Sharpsburg,Allegheny,PA,15215,,,100,
Tyrone Hospital,187 Hospital Dr Attn: Pharmacy,Tyrone,Blair,PA,15951,,,200,
Tyrone Hospital,187 Hospital Dr Attn: Pharmacy,Tyrone,Blair,PA,16686,,,100,2021-02-01
UPMC Community General Osteopathic Hospital,4300 Londonderry Rd,Harrisburg,Dauphin, PA,17109,,,500,
UPMC EAST,2775 MOSSIDE BLVD,Monroeville,Allegheny,PA,15146,1950,2021-02-01,,
UPMC Hamot,201 State Street,Erie,Erie,PA,16550,1950,2021-02-01,,
UPMC Hamot,201 State Street,Erie,Erie,PA,16550,975,2021-02-04,,
UPMC Memorial Hospital,1701 Innovation Dr,York,York,PA,17408,,,100,2021-02-01
UPMC Northwest,100 Fairfield Drive,Seneca,Venango,PA,16346,975,2021-02-04,,
UPMC Passavant Cranberry,1 St Francis Way,Cranberry twp,Allegheny,PA,16066,975,2021-02-04,,
UPMC Passavant McCandless ,9100 Babcock Blvd,Pittsburgh,Allegheny,PA,15237,975,2021-02-04,,
UPMC Pinnacle Carlisle Hospital,361 Alexander Spring Rd,Carlisle,Cumberland,PA,17015,,,100,2021-02-01
UPMC Pinnacle Hanover,300 Highland Ave,Hanover,York,PA,17331,,,100,2021-02-01
UPMC Pinnacle Harrisburg Hospital,111 S Front St,Harrisburg,Dauphin,PA,17101,,,2600,
UPMC Pinnacle Lititz,1500 Highlands Dr,Lititz,Lancaster,PA,17543,,,100,2021-02-01
UPMC Pinnacle West Shore,1995 Technology Parkway,Mechanicsburg,Cumberland,PA,17050,,,100,2021-02-01
UPMC Somerset,225 South Center Avenue,Somerset,Somerset,PA,15501,,,100,
UPMC Wellsboro,32 Central Ave,Wellsboro,Tioga,PA,16901,975,2021-02-04,,
UPMC Western Psychiatric Hospital ,3811 O’Hara St,Pittsburgh,Allegheny,PA,15213,,,1300,2021-02-01
UPMC Williamsport,700 High Street,Williamsport,Lycoming,PA,17701,1950,2021-02-04,,
Uniontown Fresenius Kidney Care,360 Walmart Dr,Uniontown,Fayette,PA,15401,,,100,
Uniontown Hospital,500 West Berkeley Street,Uniontown,Fayette,PA,15401,1950,2021-02-04,,
VDI- Lenox Pharmacy,5879 State Route 92 Ste 3 Lenox Plaza,Kingsley,Susquehanna,PA,18826,,,100,
VDI-Boalsburg Apothecary,"3901 South Atherton St., Suite 1",State College,Centre,PA,16801,,,100,
VDI-Dubois Drug and Wellness,700 S. Brady Street,Du Bois,Clearfield,PA,15801,,,100,
VDI-Kevins Shop n Save Pharmacy,799 Castle Shannon Blvd.,Pittsburgh,Allegheny,PA,15234,,,100,
VDI-Moshannon Valley Pharmacy-Philipsburg,208 Medical Center Drive,Philipsburg,Centre,PA,16886,,,100,
VDI-Park Avenue Pharmacy Inc,220 Park Ave,Chambersburg,Franklin,PA,17201,975,2021-02-04,,
VDI-Primary Care Pharmacy Services Inc,27 Heckel Rd Suite 110,McKees Rocks,Allegheny,PA,15136,,,500,2021-02-01
VILLAGE PHARMACY AT SPRINGHOUSE,1121 N. BETHLEHEM PIKE,Spring House,Montgomery,PA,19477,,,300,2021-02-01
Valley Medical,75 S. Wyoming Ave. Suite-2,Edwardsville,Luzerne,PA,18704,,,100,
Value Speciality Pharmacy,1333 Plank Rd Ste 200,"Duncansville, ",Blair,PA,16635,,,100,
Village Pharmacy            ,1624 E. Poland Rd,New Castele,Lawrence,PA,16102,,,100,
Village Shires Pharmacy,1464 Buck Road,Holland,Bucks,PA,18966,,,100,
Ware Medical Associates,2901 Dutton Mill Rd. 110,Aston,Delaware,PA,19014,,,100,
Warren General Hospital,2 Cresent Oak West,Warren,Warren,PA,16365,,,600,2021-02-01
Washington Hospital,155 Wilson Ave,Washington,Washington,PA,15301,975,2021-02-01,,
Washington Hospital,155 Wilson Ave,Washington,Washington,PA,15301,975,2021-02-04,,
Wellness Pharmacy Services,1427 Horsham Road,North Wales,Montgomery,PA,19454,,,2000,2021-02-01
Wellsboro Guthrie Clinic,110 Plaza Lane,Wellsboro,Tioga,PA,16901,,,100,
Wellsboro Guthrie Clinic,110 Plaza Lane,Wellsboro,Tioga,PA,16901,,,100,2021-02-01
Wellspan Ephrata Community Hospital,159 Martin Avenue,Ephrata,Lancaster,PA,17522,,,300,2021-02-01
Wellspan Family Medicine- Frederick St,"100 Frederick Street, 101",Hanover,York,PA,17331,,,100,
Wellspan Family Medicine- Frederick St,"100 Frederick Street, 101",Hanover,York,PA,17331,,,100,2021-02-01
Wellspan Family Medicine- Herrs Ridge,820 Chambersburg Rd,Chambersburg,Franklin,PA,17201,,,100,
Wellspan Family Medicine- Hlth Campus 1st Fl,"12 St Paul Dr, 101",Chambersburg,Franklin,PA,17201,,,100,
Wellspan Family Medicine- Lake Street,136 Lake Street,Ephrata,Lancaster,PA,17522,,,100,2021-02-01
Wellspan Family Medicine- Norman Drive,720 Norman Drive,Lebanon,Lebanon,PA,17042,,,100,2021-02-01
Wellspan Family Medicine- North Fourth Street,30 North 4th Street 2nd floor,Lebanon,Lebanon,PA,17042,,,100,2021-02-01
Wellspan Family Medicine- Roosevelt Ave,1401 Roosevelt Avenue,York,York,PA,17404,,,100,2021-02-01
Wellspan Family Medicine- Stonebridge,"13515 Wolfe Rd, C",New Freedom,York,PA,17349,,,100,2021-02-01
Wellspan Family Medicine- Stony Brook,4222 Lincoln Highway,York,York,PA,17406,,,100,2021-02-01
Wellspan Family Medicine- Waynesboro,"601 East Main Street, 1st floor",Waynesboro,Franklin,PA,17201,,,100,
Wellspan Family Medicine- Waynesboro,"601 East Main Street, 1st floor",Waynesboro,Franklin,PA,17201,,,100,
Wellspan Family Medicine- Wheatlyn,235 Rosedale Drive,Manchester,York,PA,17345,,,100,2021-02-01
Wellspan Family Medicine-Herrs Ridge,820 Chambersburg Rd,Chambersburg,Franklin,PA,17201,,,100,
Wellspan Family Medicine-Hlth Campus 1st Fl,"12 St Paul Dr, 101",Chambersburg,Franklin,PA,17201,,,100,
Wellspan Family and Ped Medicine-Rothville,"2320 Rothville Rd, 200",Lititz,Lancaster,PA,17543,,,100,2021-02-01
Wellspan Gettysburg Hospital,147 Gettys Street,Gettysburg,Adams,PA,17325,,,400,2021-02-01
Wellspan Good Samaritan Hospital,252 S 4th Street,Lebanon,Lebanon,PA,17042,975,2021-02-01,,
Wellspan Good Samaritan Hospital,252 S 4th Street,Lebanon,Lebanon,PA,17042,975,2021-02-04,,
Wellspan Surgical and Rehabilitation Hospital,55 Monument Rd,York,York,PA,17403,1950,2021-02-01,,
Wellspan Surgical and Rehabilitation Hospital,55 Monument Rd,York,York,PA,17403,975,2021-02-04,,
Wellspan York Hospital,1001 S George Street,York,York,PA,17405,1950,2021-02-01,,
Wernersville State Hospital,160 Main St,Wernersville,Berks,PA,19565,,,300,2021-02-01
West Perry Pharmacy,1102 Montour Road,Loysville,Perry,PA,17047,,,200,
West Perry Pharmacy,1102 Montour Road,Loysville,Perry,PA,17047,,,200,2021-02-01
West Reading Drug Store,538 Penn Ave,West Reading ,Berks,PA,19611,,,700,2021-02-01
West Shore Family Practice PC,"6375 Mercury Drive, Ste. 200",Mechanicsburg,Cumberland,PA ,17050,,,100,
Westmoreland Regional Hospital,532 West Pittsburgh Street,Greensburg,Westmoreland,PA,15601,975,2021-02-01,,
Westomoreland County SHC,233 West Otterman St,Greensburg,Westmoreland,PA,15601,,,200,2021-02-01
Whitman Pharmacy,4950 york road,Holicong,Montgomery,PA,18928,,,100,
Wilkes Barre General Hospital,575 N. River St.,Wilkes Barre,Luzerne,PA,18764,,,1100,2021-02-01
Wilkes Barre Municipal Health Department,71 N. Franklin St.,Wilkes Barre,Luzerne,PA,18701,,,200,2021-02-01
Wilson's Pharmacy,4101 Penn Ave Suite A,Pittsburgh,Allegheny,PA,15224,,,500,2021-02-01
Yorktown Pharmacy,8110 Old York Road Suite B,Elkins Park,Montgomery,PA,19027,,,200,2021-02-01
atn physicians & associates,"1120 W Township Line, Suite 200, ",Havertown,Delaware,PA,19083,,,100,
ccmh-Charles Cole Memorial Hospital,1001 East Second St,Coudersport,Potter,PA,16915,,,100,
gateway pharmacy ,165 Nutt Road,Phoenixville,Chester,PA,19460,,,100,
TOTAL,,,,,,92625,,131400,
